"테이블명","테이블ID","컬럼명","컬럼ID","데이터타입","PK","FK","NULL"
"워크넷_구인_목록","SRV_DT_WORKNET_MASTER","구인인증번호","JO_AUTH_NO","VARCHAR2(20)","PK","PK","NOT NULL"
"워크넷_구인_목록","SRV_DT_WORKNET_MASTER","회사명","CORP_NM","VARCHAR2(100)","&nbsp;","&nbsp;","NOT NULL"
"워크넷_구인_목록","SRV_DT_WORKNET_MASTER","사업자번호","BSNM_NO","CHAR(13)","&nbsp;","&nbsp;","NOT NULL"
"워크넷_구인_목록","SRV_DT_WORKNET_MASTER","채용제목","RECRU_TITLE","VARCHAR2(200)","&nbsp;","&nbsp;","NOT NULL"
"워크넷_구인_목록","SRV_DT_WORKNET_MASTER","임금형태원시","WAGE_TYPE_RAW","VARCHAR2(20)","&nbsp;","&nbsp;","&nbsp;"
"워크넷_구인_목록","SRV_DT_WORKNET_MASTER","급여원시","SALARY_RAW","VARCHAR2(50)","&nbsp;","&nbsp;","NOT NULL"
"워크넷_구인_목록","SRV_DT_WORKNET_MASTER","근무지역","WORK_REGION","VARCHAR2(200)","&nbsp;","&nbsp;","&nbsp;"
"워크넷_구인_목록","SRV_DT_WORKNET_MASTER","근무형태원시","WORK_TYPE_RAW","VARCHAR2(50)","&nbsp;","&nbsp;","NOT NULL"
"워크넷_구인_목록","SRV_DT_WORKNET_MASTER","최소학력","MIN_ACDMCR","VARCHAR2(20)","&nbsp;","&nbsp;","&nbsp;"
"워크넷_구인_목록","SRV_DT_WORKNET_MASTER","최대학력","MAX_ACDMCR","VARCHAR2(20)","&nbsp;","&nbsp;","&nbsp;"
"워크넷_구인_목록","SRV_DT_WORKNET_MASTER","경력원시","CAREER_RAW","VARCHAR2(100)","&nbsp;","&nbsp;","NOT NULL"
"워크넷_구인_목록","SRV_DT_WORKNET_MASTER","등록일자원시","REG_DT_RAW","VARCHAR2(10)","&nbsp;","&nbsp;","NOT NULL"
"워크넷_구인_목록","SRV_DT_WORKNET_MASTER","마감일자원시","CLOS_DT_RAW","VARCHAR2(50)","&nbsp;","&nbsp;","NOT NULL"
"워크넷_구인_목록","SRV_DT_WORKNET_MASTER","정보제공처","INFO_PROVD_OFFIC","VARCHAR2(50)","&nbsp;","&nbsp;","&nbsp;"
"워크넷_구인_목록","SRV_DT_WORKNET_MASTER","채용로봇URL","RECRU_ROBOT_URL","VARCHAR2(500)","&nbsp;","&nbsp;","&nbsp;"
"워크넷_구인_목록","SRV_DT_WORKNET_MASTER","근무우편번호","WORK_ZIP","VARCHAR2(10)","&nbsp;","&nbsp;","&nbsp;"
"워크넷_구인_목록","SRV_DT_WORKNET_MASTER","근무도로명주소","WORK_RDNMADR","VARCHAR2(200)","&nbsp;","&nbsp;","&nbsp;"
"워크넷_구인_목록","SRV_DT_WORKNET_MASTER","근무기본주소","WORK_BASS_ADRES","VARCHAR2(200)","&nbsp;","&nbsp;","&nbsp;"
"워크넷_구인_목록","SRV_DT_WORKNET_MASTER","근무상세주소","WORK_DETAIL_ADRES","VARCHAR2(200)","&nbsp;","&nbsp;","&nbsp;"
"워크넷_구인_목록","SRV_DT_WORKNET_MASTER","생성일자","CREATE_DT","CHAR(8)","&nbsp;","&nbsp;","NOT NULL"
"워크넷_구인_상세","SRV_DT_WORKNET_DETAIL","구인인증번호","JO_AUTH_NO","VARCHAR2(20)","PK, FK","PK, FK","NOT NULL"
"워크넷_구인_상세","SRV_DT_WORKNET_DETAIL","회사명","CORP_NM","VARCHAR2(200)","&nbsp;","&nbsp;","NOT NULL"
"워크넷_구인_상세","SRV_DT_WORKNET_DETAIL","대표자명","MAIN_NM","VARCHAR2(100)","&nbsp;","&nbsp;","&nbsp;"
"워크넷_구인_상세","SRV_DT_WORKNET_DETAIL","근로자수","LABRR_CNT","VARCHAR2(200)","&nbsp;","&nbsp;","NOT NULL"
"워크넷_구인_상세","SRV_DT_WORKNET_DETAIL","자본금","CAP","VARCHAR2(200)","&nbsp;","&nbsp;","&nbsp;"
"워크넷_구인_상세","SRV_DT_WORKNET_DETAIL","연매출액","YEAR_SALES","VARCHAR2(200)","&nbsp;","&nbsp;","&nbsp;"
"워크넷_구인_상세","SRV_DT_WORKNET_DETAIL","업종명","BIZ_NM","VARCHAR2(200)","&nbsp;","&nbsp;","NOT NULL"
"워크넷_구인_상세","SRV_DT_WORKNET_DETAIL","주요사업내용","MAIN_BIZ_CONTENT","VARCHAR2(1000)","&nbsp;","&nbsp;","&nbsp;"
"워크넷_구인_상세","SRV_DT_WORKNET_DETAIL","회사주소","CORP_ADDR","VARCHAR2(200)","&nbsp;","&nbsp;","NOT NULL"
"워크넷_구인_상세","SRV_DT_WORKNET_DETAIL","회사홈페이지","CORP_HPAGE","VARCHAR2(200)","&nbsp;","&nbsp;","&nbsp;"
"워크넷_구인_상세","SRV_DT_WORKNET_DETAIL","회사규모원시","CORP_SZ_RAW","VARCHAR2(200)","&nbsp;","&nbsp;","NOT NULL"
"워크넷_구인_상세","SRV_DT_WORKNET_DETAIL","모집직종원시","RCRIT_JSSFC_RAW","VARCHAR2(200)","&nbsp;","&nbsp;","NOT NULL"
"워크넷_구인_상세","SRV_DT_WORKNET_DETAIL","구인제목","JO_TITLE","VARCHAR2(200)","&nbsp;","&nbsp;","&nbsp;"
"워크넷_구인_상세","SRV_DT_WORKNET_DETAIL","관련직종","REL_JSSFC","VARCHAR2(200)","&nbsp;","&nbsp;","&nbsp;"
"워크넷_구인_상세","SRV_DT_WORKNET_DETAIL","직무내용","DTY_CONTENT","VARCHAR2(1000)","&nbsp;","&nbsp;","&nbsp;"
"워크넷_구인_상세","SRV_DT_WORKNET_DETAIL","접수마감일","RCEPT_CLOS_DT","VARCHAR2(8)","&nbsp;","&nbsp;","&nbsp;"
"워크넷_구인_상세","SRV_DT_WORKNET_DETAIL","고용형태원시","EMPLYM_TYPE_RAW","VARCHAR2(200)","&nbsp;","&nbsp;","NOT NULL"
"워크넷_구인_상세","SRV_DT_WORKNET_DETAIL","모집인원원시","RCRIT_PSN_RAW","VARCHAR2(200)","&nbsp;","&nbsp;","NOT NULL"
"워크넷_구인_상세","SRV_DT_WORKNET_DETAIL","임금조건","WAGE_CND","VARCHAR2(200)","&nbsp;","&nbsp;","NOT NULL"
"워크넷_구인_상세","SRV_DT_WORKNET_DETAIL","경력조건","CAREER_CND","VARCHAR2(200)","&nbsp;","&nbsp;","&nbsp;"
"워크넷_구인_상세","SRV_DT_WORKNET_DETAIL","학력원시","ACDMCR_RAW","VARCHAR2(200)","&nbsp;","&nbsp;","NOT NULL"
"워크넷_구인_상세","SRV_DT_WORKNET_DETAIL","외국어","FGGG","VARCHAR2(200)","&nbsp;","&nbsp;","&nbsp;"
"워크넷_구인_상세","SRV_DT_WORKNET_DETAIL","전공","MAJOR","VARCHAR2(200)","&nbsp;","&nbsp;","&nbsp;"
"워크넷_구인_상세","SRV_DT_WORKNET_DETAIL","자격면허","QUALF_LCNS","VARCHAR2(2000)","&nbsp;","&nbsp;","&nbsp;"
"워크넷_구인_상세","SRV_DT_WORKNET_DETAIL","병력특례채용희망","MLTPWR_EXCPT_RECRU_HOPE","VARCHAR2(200)","&nbsp;","&nbsp;","&nbsp;"
"워크넷_구인_상세","SRV_DT_WORKNET_DETAIL","컴퓨터활용능력","CMPUTR_PRCUSE_ABLTY","VARCHAR2(1000)","&nbsp;","&nbsp;","&nbsp;"
"워크넷_구인_상세","SRV_DT_WORKNET_DETAIL","우대조건","PVLTRT_CND","VARCHAR2(300)","&nbsp;","&nbsp;","&nbsp;"
"워크넷_구인_상세","SRV_DT_WORKNET_DETAIL","기타우대조건","ETC_PVLTRT_CND","VARCHAR2(1000)","&nbsp;","&nbsp;","&nbsp;"
"워크넷_구인_상세","SRV_DT_WORKNET_DETAIL","채용방법","RECRU_MTH","VARCHAR2(200)","&nbsp;","&nbsp;","&nbsp;"
"워크넷_구인_상세","SRV_DT_WORKNET_DETAIL","접수방법","RCEPT_MTH","VARCHAR2(500)","&nbsp;","&nbsp;","&nbsp;"
"워크넷_구인_상세","SRV_DT_WORKNET_DETAIL","제출서류준비","SUBMIT_PAPERS_PRPARE","VARCHAR2(500)","&nbsp;","&nbsp;","&nbsp;"
"워크넷_구인_상세","SRV_DT_WORKNET_DETAIL","기타안내","ETC_GUIDANCE","VARCHAR2(4000)","&nbsp;","&nbsp;","&nbsp;"
"워크넷_구인_상세","SRV_DT_WORKNET_DETAIL","근무예정지","WORK_INTSPT","VARCHAR2(200)","&nbsp;","&nbsp;","NOT NULL"
"워크넷_구인_상세","SRV_DT_WORKNET_DETAIL","소속산업단지","PSITN_IRSTT","VARCHAR2(200)","&nbsp;","&nbsp;","&nbsp;"
"워크넷_구인_상세","SRV_DT_WORKNET_DETAIL","인근전철역","NEARBY_ECLW_STATION","VARCHAR2(500)","&nbsp;","&nbsp;","&nbsp;"
"워크넷_구인_상세","SRV_DT_WORKNET_DETAIL","근무시간","WORK_TIME","VARCHAR2(500)","&nbsp;","&nbsp;","&nbsp;"
"워크넷_구인_상세","SRV_DT_WORKNET_DETAIL","연금4대보험","ANNTY_FEINSR","VARCHAR2(500)","&nbsp;","&nbsp;","&nbsp;"
"워크넷_구인_상세","SRV_DT_WORKNET_DETAIL","퇴직금","RTRPAY","VARCHAR2(500)","&nbsp;","&nbsp;","&nbsp;"
"워크넷_구인_상세","SRV_DT_WORKNET_DETAIL","기타복리후생","ETC_WLFARE","VARCHAR2(500)","&nbsp;","&nbsp;","&nbsp;"
"워크넷_구인_상세","SRV_DT_WORKNET_DETAIL","장애인편의시설","DSPSN_CVNTL","VARCHAR2(500)","&nbsp;","&nbsp;","&nbsp;"
"워크넷_구인_상세","SRV_DT_WORKNET_DETAIL","채용부서","RECRU_DEPT","VARCHAR2(500)","&nbsp;","&nbsp;","&nbsp;"
"워크넷_구인_상세","SRV_DT_WORKNET_DETAIL","전화번호","TEL_NO","VARCHAR2(20)","&nbsp;","&nbsp;","&nbsp;"
"워크넷_구인_상세","SRV_DT_WORKNET_DETAIL","팩스번호","FAX_NO","VARCHAR2(20)","&nbsp;","&nbsp;","&nbsp;"
"워크넷_구인_상세","SRV_DT_WORKNET_DETAIL","생성일자","CREATE_DT","CHAR(8)","&nbsp;","&nbsp;","&nbsp;"
"오늘의구인현황정제","SRV_DT_JOB_SM_REFINE","구인번호","JO_NO","CHAR(20)","PK","PK","NOT NULL"
"오늘의구인현황정제","SRV_DT_JOB_SM_REFINE","회사명","CORP_NM","VARCHAR2(100)","&nbsp;","&nbsp;","NOT NULL"
"오늘의구인현황정제","SRV_DT_JOB_SM_REFINE","사업자번호","BSNM_NO","CHAR(13)","&nbsp;","&nbsp;","NOT NULL"
"오늘의구인현황정제","SRV_DT_JOB_SM_REFINE","산업분류","INDUST_CLASS","VARCHAR2(6)","&nbsp;","&nbsp;","NOT NULL"
"오늘의구인현황정제","SRV_DT_JOB_SM_REFINE","기업형태","ENTRPRS_TYPE","CHAR(2)","&nbsp;","&nbsp;","NOT NULL"
"오늘의구인현황정제","SRV_DT_JOB_SM_REFINE","회사규모","CORP_SZ","VARCHAR2(4)","&nbsp;","&nbsp;","NOT NULL"
"오늘의구인현황정제","SRV_DT_JOB_SM_REFINE","근로자수","LABRR_CNT","INTEGER","&nbsp;","&nbsp;","NOT NULL"
"오늘의구인현황정제","SRV_DT_JOB_SM_REFINE","회사주소","CORP_ADDR","VARCHAR2(200)","&nbsp;","&nbsp;","NOT NULL"
"오늘의구인현황정제","SRV_DT_JOB_SM_REFINE","자본금","CAP","BIGINT","&nbsp;","&nbsp;","NOT NULL"
"오늘의구인현황정제","SRV_DT_JOB_SM_REFINE","대표자명","MAIN_NM","VARCHAR2(60)","&nbsp;","&nbsp;","&nbsp;"
"오늘의구인현황정제","SRV_DT_JOB_SM_REFINE","연매출액","YEAR_SALES","BIGINT","&nbsp;","&nbsp;","&nbsp;"
"오늘의구인현황정제","SRV_DT_JOB_SM_REFINE","주요사업내용","MAIN_BIZ_CONTENT","VARCHAR2(200)","&nbsp;","&nbsp;","&nbsp;"
"오늘의구인현황정제","SRV_DT_JOB_SM_REFINE","회사홈페이지","CORP_HPAGE","VARCHAR2(200)","&nbsp;","&nbsp;","&nbsp;"
"오늘의구인현황정제","SRV_DT_JOB_SM_REFINE","채용명","RECRU_NM","VARCHAR2(200)","&nbsp;","&nbsp;","NOT NULL"
"오늘의구인현황정제","SRV_DT_JOB_SM_REFINE","경력","CAREER","CHAR(1)","&nbsp;","&nbsp;","NOT NULL"
"오늘의구인현황정제","SRV_DT_JOB_SM_REFINE","학력","ACDMCR","CHAR(2)","&nbsp;","&nbsp;","NOT NULL"
"오늘의구인현황정제","SRV_DT_JOB_SM_REFINE","임금형태","WAGE_TYPE","CHAR(1)","&nbsp;","&nbsp;","NOT NULL"
"오늘의구인현황정제","SRV_DT_JOB_SM_REFINE","급여","SALARY","BIGINT","&nbsp;","&nbsp;","NOT NULL"
"오늘의구인현황정제","SRV_DT_JOB_SM_REFINE","근무형태","WORK_TYPE","CHAR(1)","&nbsp;","&nbsp;","NOT NULL"
"오늘의구인현황정제","SRV_DT_JOB_SM_REFINE","고용형태","EMPLYM_TYPE","VARCHAR2(2)","&nbsp;","&nbsp;","NOT NULL"
"오늘의구인현황정제","SRV_DT_JOB_SM_REFINE","모집직종","RCRIT_JSSFC","VARCHAR2(6)","&nbsp;","&nbsp;","NOT NULL"
"오늘의구인현황정제","SRV_DT_JOB_SM_REFINE","모집인원","RCRIT_PSN","INTEGER","&nbsp;","&nbsp;","NOT NULL"
"오늘의구인현황정제","SRV_DT_JOB_SM_REFINE","등록일자","REG_DT","CHAR(8)","&nbsp;","&nbsp;","NOT NULL"
"오늘의구인현황정제","SRV_DT_JOB_SM_REFINE","마감일자","CLOS_DT","CHAR(8)","&nbsp;","&nbsp;","NOT NULL"
"오늘의구인현황정제","SRV_DT_JOB_SM_REFINE","구인인증번호","JO_AUTH_NO","VARCHAR2(20)","FK","FK","&nbsp;"
"오늘의구인현황정제","SRV_DT_JOB_SM_REFINE","공고번호","PBLANC_NO","VARCHAR2(20)","FK","FK","&nbsp;"
"오늘의구인현황정제","SRV_DT_JOB_SM_REFINE","구인자료구분","JO_DATA_DIV","CHAR(1)","&nbsp;","&nbsp;","NOT NULL"
"오늘의구인현황정제","SRV_DT_JOB_SM_REFINE","구인자료키","JO_DATA_KEY","VARCHAR2(20)","&nbsp;","&nbsp;","NOT NULL"
"오늘의구인현황정제","SRV_DT_JOB_SM_REFINE","근무지역","WORK_REGION","VARCHAR2(200)","&nbsp;","&nbsp;","NOT NULL"
"오늘의구인현황정제","SRV_DT_JOB_SM_REFINE","근무주소","WORK_ADDR","VARCHAR2(200)","&nbsp;","&nbsp;","NOT NULL"
"오늘의구인현황정제","SRV_DT_JOB_SM_REFINE","시도코드","SIDO_CD","CHAR(2)","&nbsp;","&nbsp;","NOT NULL"
"오늘의구인현황정제","SRV_DT_JOB_SM_REFINE","시군구코드","SGG_CD","CHAR(3)","&nbsp;","&nbsp;","NOT NULL"
"오늘의구인현황정제","SRV_DT_JOB_SM_REFINE","읍면동코드","EMDONG_CD","CHAR(2)","&nbsp;","&nbsp;","NOT NULL"
"오늘의구인현황정제","SRV_DT_JOB_SM_REFINE","생성일자","CREATE_DT","CHAR(8)","&nbsp;","&nbsp;","NOT NULL"
"희망지역_구인_현황","SRV_DT_JOB_HOPE_AREA_SM","등록일자","REG_DT","CHAR(8)","PK","PK","NOT NULL"
"희망지역_구인_현황","SRV_DT_JOB_HOPE_AREA_SM","시도코드","SIDO_CD","CHAR(2)","PK","PK","NOT NULL"
"희망지역_구인_현황","SRV_DT_JOB_HOPE_AREA_SM","시군구코드","SGG_CD","CHAR(3)","PK","PK","NOT NULL"
"희망지역_구인_현황","SRV_DT_JOB_HOPE_AREA_SM","읍면동코드","EMDONG_CD","CHAR(2)","PK","PK","NOT NULL"
"희망지역_구인_현황","SRV_DT_JOB_HOPE_AREA_SM","구인건수","JO_CNT","INTEGER","PK","PK","NOT NULL"
"희망지역_구인_현황","SRV_DT_JOB_HOPE_AREA_SM","업체수","CORP_CNT","INTEGER","&nbsp;","&nbsp;","NOT NULL"
"희망지역_구인_현황","SRV_DT_JOB_HOPE_AREA_SM","모집인원수","RCRIT_PSN_CNT","INTEGER","&nbsp;","&nbsp;","NOT NULL"
"기업형태_구인_현황","SRV_DT_JOB_ENTRPRS_TYPE_SM","등록일자","REG_DT","CHAR(8)","PK","PK","NOT NULL"
"기업형태_구인_현황","SRV_DT_JOB_ENTRPRS_TYPE_SM","시도코드","SIDO_CD","CHAR(2)","PK","PK","NOT NULL"
"기업형태_구인_현황","SRV_DT_JOB_ENTRPRS_TYPE_SM","시군구코드","SGG_CD","CHAR(3)","PK","PK","NOT NULL"
"기업형태_구인_현황","SRV_DT_JOB_ENTRPRS_TYPE_SM","읍면동코드","EMDONG_CD","CHAR(2)","PK","PK","NOT NULL"
"기업형태_구인_현황","SRV_DT_JOB_ENTRPRS_TYPE_SM","기업형태","ENTRPRS_TYPE","CHAR(2)","PK","PK","NOT NULL"
"기업형태_구인_현황","SRV_DT_JOB_ENTRPRS_TYPE_SM","구인건수","JO_CNT","INTEGER","&nbsp;","&nbsp;","NOT NULL"
"기업형태_구인_현황","SRV_DT_JOB_ENTRPRS_TYPE_SM","업체수","CORP_CNT","INTEGER","&nbsp;","&nbsp;","NOT NULL"
"기업형태_구인_현황","SRV_DT_JOB_ENTRPRS_TYPE_SM","모집인원수","RCRIT_PSN_CNT","INTEGER","&nbsp;","&nbsp;","NOT NULL"
"회사규모_구인_현황","SRV_DT_JOB_CORP_SZ_SM","등록일자","REG_DT","CHAR(8)","PK","PK","NOT NULL"
"회사규모_구인_현황","SRV_DT_JOB_CORP_SZ_SM","시도코드","SIDO_CD","CHAR(2)","PK","PK","NOT NULL"
"회사규모_구인_현황","SRV_DT_JOB_CORP_SZ_SM","시군구코드","SGG_CD","CHAR(3)","PK","PK","NOT NULL"
"회사규모_구인_현황","SRV_DT_JOB_CORP_SZ_SM","읍면동코드","EMDONG_CD","CHAR(2)","PK","PK","NOT NULL"
"회사규모_구인_현황","SRV_DT_JOB_CORP_SZ_SM","회사규모","CORP_SZ","VARCHAR2(4)","PK","PK","NOT NULL"
"회사규모_구인_현황","SRV_DT_JOB_CORP_SZ_SM","구인건수","JO_CNT","INTEGER","&nbsp;","&nbsp;","NOT NULL"
"회사규모_구인_현황","SRV_DT_JOB_CORP_SZ_SM","업체수","CORP_CNT","INTEGER","&nbsp;","&nbsp;","NOT NULL"
"회사규모_구인_현황","SRV_DT_JOB_CORP_SZ_SM","모집인원수","RCRIT_PSN_CNT","INTEGER","&nbsp;","&nbsp;","NOT NULL"
"산업분류_구인_현황","SRV_DT_JOB_INDUST_CLASS_SM","등록일자","REG_DT","CHAR(8)","PK","PK","NOT NULL"
"산업분류_구인_현황","SRV_DT_JOB_INDUST_CLASS_SM","시도코드","SIDO_CD","CHAR(2)","PK","PK","NOT NULL"
"산업분류_구인_현황","SRV_DT_JOB_INDUST_CLASS_SM","시군구코드","SGG_CD","CHAR(3)","PK","PK","NOT NULL"
"산업분류_구인_현황","SRV_DT_JOB_INDUST_CLASS_SM","읍면동코드","EMDONG_CD","CHAR(2)","PK","PK","NOT NULL"
"산업분류_구인_현황","SRV_DT_JOB_INDUST_CLASS_SM","산업분류","INDUST_CLASS","VARCHAR2(6)","PK","PK","NOT NULL"
"산업분류_구인_현황","SRV_DT_JOB_INDUST_CLASS_SM","구인건수","JO_CNT","INTEGER","&nbsp;","&nbsp;","NOT NULL"
"산업분류_구인_현황","SRV_DT_JOB_INDUST_CLASS_SM","업체수","CORP_CNT","INTEGER","&nbsp;","&nbsp;","NOT NULL"
"산업분류_구인_현황","SRV_DT_JOB_INDUST_CLASS_SM","모집인원수","RCRIT_PSN_CNT","INTEGER","&nbsp;","&nbsp;","NOT NULL"
"직종분류_구인_현황","SRV_DT_JOB_JSSFC_SM","등록일자","REG_DT","CHAR(8)","PK","PK","NOT NULL"
"직종분류_구인_현황","SRV_DT_JOB_JSSFC_SM","시도코드","SIDO_CD","CHAR(2)","PK","PK","NOT NULL"
"직종분류_구인_현황","SRV_DT_JOB_JSSFC_SM","시군구코드","SGG_CD","CHAR(3)","PK","PK","NOT NULL"
"직종분류_구인_현황","SRV_DT_JOB_JSSFC_SM","읍면동코드","EMDONG_CD","CHAR(2)","PK","PK","NOT NULL"
"직종분류_구인_현황","SRV_DT_JOB_JSSFC_SM","직종분류","JSSFC_CLASS","VARCHAR2(6)","PK","PK","NOT NULL"
"직종분류_구인_현황","SRV_DT_JOB_JSSFC_SM","구인건수","JO_CNT","INTEGER","&nbsp;","&nbsp;","NOT NULL"
"직종분류_구인_현황","SRV_DT_JOB_JSSFC_SM","업체수","CORP_CNT","INTEGER","&nbsp;","&nbsp;","NOT NULL"
"직종분류_구인_현황","SRV_DT_JOB_JSSFC_SM","모집인원수","RCRIT_PSN_CNT","INTEGER","&nbsp;","&nbsp;","NOT NULL"
"급여수준_구인_현황","SRV_DT_JOB_SALARY_SM","등록일자","REG_DT","CHAR(8)","PK","PK","NOT NULL"
"급여수준_구인_현황","SRV_DT_JOB_SALARY_SM","시도코드","SIDO_CD","CHAR(2)","PK","PK","NOT NULL"
"급여수준_구인_현황","SRV_DT_JOB_SALARY_SM","시군구코드","SGG_CD","CHAR(3)","PK","PK","NOT NULL"
"급여수준_구인_현황","SRV_DT_JOB_SALARY_SM","읍면동코드","EMDONG_CD","CHAR(2)","PK","PK","NOT NULL"
"급여수준_구인_현황","SRV_DT_JOB_SALARY_SM","임금형태","WAGE_TYPE","CHAR(1)","PK","PK","NOT NULL"
"급여수준_구인_현황","SRV_DT_JOB_SALARY_SM","급여","SALARY","BIGINT","PK","PK","NOT NULL"
"급여수준_구인_현황","SRV_DT_JOB_SALARY_SM","구인건수","JO_CNT","INTEGER","&nbsp;","&nbsp;","NOT NULL"
"급여수준_구인_현황","SRV_DT_JOB_SALARY_SM","업체수","CORP_CNT","INTEGER","&nbsp;","&nbsp;","NOT NULL"
"급여수준_구인_현황","SRV_DT_JOB_SALARY_SM","모집인원수","RCRIT_PSN_CNT","INTEGER","&nbsp;","&nbsp;","NOT NULL"
"고용형태_구인_현황","SRV_DT_JOB_EMPLYM_TYPE_SM","등록일자","REG_DT","CHAR(8)","PK","PK","NOT NULL"
"고용형태_구인_현황","SRV_DT_JOB_EMPLYM_TYPE_SM","시도코드","SIDO_CD","CHAR(2)","PK","PK","NOT NULL"
"고용형태_구인_현황","SRV_DT_JOB_EMPLYM_TYPE_SM","시군구코드","SGG_CD","CHAR(3)","PK","PK","NOT NULL"
"고용형태_구인_현황","SRV_DT_JOB_EMPLYM_TYPE_SM","읍면동코드","EMDONG_CD","CHAR(2)","PK","PK","NOT NULL"
"고용형태_구인_현황","SRV_DT_JOB_EMPLYM_TYPE_SM","고용형태","EMPLYM_TYPE","VARCHAR2(2)","PK","PK","NOT NULL"
"고용형태_구인_현황","SRV_DT_JOB_EMPLYM_TYPE_SM","구인건수","JO_CNT","INTEGER","&nbsp;","&nbsp;","NOT NULL"
"고용형태_구인_현황","SRV_DT_JOB_EMPLYM_TYPE_SM","업체수","CORP_CNT","INTEGER","&nbsp;","&nbsp;","NOT NULL"
"고용형태_구인_현황","SRV_DT_JOB_EMPLYM_TYPE_SM","모집인원수","RCRIT_PSN_CNT","INTEGER","&nbsp;","&nbsp;","NOT NULL"
"근무형태_구인_현황","SRV_DT_JOB_WORK_TYPE_SM","등록일자","REG_DT","CHAR(8)","PK","PK","NOT NULL"
"근무형태_구인_현황","SRV_DT_JOB_WORK_TYPE_SM","시도코드","SIDO_CD","CHAR(2)","PK","PK","NOT NULL"
"근무형태_구인_현황","SRV_DT_JOB_WORK_TYPE_SM","시군구코드","SGG_CD","CHAR(3)","PK","PK","NOT NULL"
"근무형태_구인_현황","SRV_DT_JOB_WORK_TYPE_SM","읍면동코드","EMDONG_CD","CHAR(2)","PK","PK","NOT NULL"
"근무형태_구인_현황","SRV_DT_JOB_WORK_TYPE_SM","근무형태","WORK_TYPE","CHAR(1)","PK","PK","NOT NULL"
"근무형태_구인_현황","SRV_DT_JOB_WORK_TYPE_SM","구인건수","JO_CNT","INTEGER","&nbsp;","&nbsp;","NOT NULL"
"근무형태_구인_현황","SRV_DT_JOB_WORK_TYPE_SM","업체수","CORP_CNT","INTEGER","&nbsp;","&nbsp;","NOT NULL"
"근무형태_구인_현황","SRV_DT_JOB_WORK_TYPE_SM","모집인원수","RCRIT_PSN_CNT","INTEGER","&nbsp;","&nbsp;","NOT NULL"
"학력_구인_현황","SRV_DT_JOB_ACDMCR_SM","등록일자","REG_DT","CHAR(8)","PK","PK","NOT NULL"
"학력_구인_현황","SRV_DT_JOB_ACDMCR_SM","시도코드","SIDO_CD","CHAR(2)","PK","PK","NOT NULL"
"학력_구인_현황","SRV_DT_JOB_ACDMCR_SM","시군구코드","SGG_CD","CHAR(3)","PK","PK","NOT NULL"
"학력_구인_현황","SRV_DT_JOB_ACDMCR_SM","읍면동코드","EMDONG_CD","CHAR(2)","PK","PK","NOT NULL"
"학력_구인_현황","SRV_DT_JOB_ACDMCR_SM","학력","ACDMCR","CHAR(2)","PK","PK","NOT NULL"
"학력_구인_현황","SRV_DT_JOB_ACDMCR_SM","구인건수","JO_CNT","INTEGER","&nbsp;","&nbsp;","NOT NULL"
"학력_구인_현황","SRV_DT_JOB_ACDMCR_SM","업체수","CORP_CNT","INTEGER","&nbsp;","&nbsp;","NOT NULL"
"학력_구인_현황","SRV_DT_JOB_ACDMCR_SM","모집인원수","RCRIT_PSN_CNT","INTEGER","&nbsp;","&nbsp;","NOT NULL"
"경력_구인_현황","SRV_DT_JOB_CAREER_SM","등록일자","REG_DT","CHAR(8)","PK","PK","NOT NULL"
"경력_구인_현황","SRV_DT_JOB_CAREER_SM","시도코드","SIDO_CD","CHAR(2)","PK","PK","NOT NULL"
"경력_구인_현황","SRV_DT_JOB_CAREER_SM","시군구코드","SGG_CD","CHAR(3)","PK","PK","NOT NULL"
"경력_구인_현황","SRV_DT_JOB_CAREER_SM","읍면동코드","EMDONG_CD","CHAR(2)","PK","PK","NOT NULL"
"경력_구인_현황","SRV_DT_JOB_CAREER_SM","경력","CAREER","CHAR(1)","PK","PK","NOT NULL"
"경력_구인_현황","SRV_DT_JOB_CAREER_SM","구인건수","JO_CNT","INTEGER","&nbsp;","&nbsp;","NOT NULL"
"경력_구인_현황","SRV_DT_JOB_CAREER_SM","업체수","CORP_CNT","INTEGER","&nbsp;","&nbsp;","NOT NULL"
"경력_구인_현황","SRV_DT_JOB_CAREER_SM","모집인원수","RCRIT_PSN_CNT","INTEGER","&nbsp;","&nbsp;","NOT NULL"
"구인현황판","SRV_DT_JOB_BOARD_SM","등록일자","REG_DT","CHAR(8)","PK","PK","NOT NULL"
"구인현황판","SRV_DT_JOB_BOARD_SM","시도코드","SIDO_CD","CHAR(2)","PK","PK","NOT NULL"
"구인현황판","SRV_DT_JOB_BOARD_SM","시군구코드","SGG_CD","CHAR(3)","PK","PK","NOT NULL"
"구인현황판","SRV_DT_JOB_BOARD_SM","전체구인수","ALL_JO_CNT","INTEGER","&nbsp;","&nbsp;","NOT NULL"
"구인현황판","SRV_DT_JOB_BOARD_SM","전체업체수","ALL_CORP_CNT","INTEGER","&nbsp;","&nbsp;","NOT NULL"
"구인현황판","SRV_DT_JOB_BOARD_SM","전체모집인원수","ALL_RCRIT_PSN_CNT","INTEGER","&nbsp;","&nbsp;","NOT NULL"
"구인현황판","SRV_DT_JOB_BOARD_SM","신규구인수","NEW_JO_CNT","INTEGER","&nbsp;","&nbsp;","NOT NULL"
"구인현황판","SRV_DT_JOB_BOARD_SM","신규업체수","NEW_CORP_CNT","INTEGER","&nbsp;","&nbsp;","NOT NULL"
"구인현황판","SRV_DT_JOB_BOARD_SM","신규모집인원수","NEW_RCRIT_PSN_CNT","INTEGER","&nbsp;","&nbsp;","NOT NULL"
"구인현황판","SRV_DT_JOB_BOARD_SM","마감구인수","CLOS_JO_CNT","INTEGER","&nbsp;","&nbsp;","NOT NULL"
"구인현황판","SRV_DT_JOB_BOARD_SM","마감업체수","CLOS_CORP_CNT","INTEGER","&nbsp;","&nbsp;","NOT NULL"
"구인현황판","SRV_DT_JOB_BOARD_SM","마감모집인원수","CLOS_RCRIT_PSN_CNT","INTEGER","&nbsp;","&nbsp;","NOT NULL"
"인크루트_구인_수집","SRV_DT_INCRUIT_JSON","공고번호","PBLANC_NO","VARCHAR2(20)","PK","PK","NOT NULL"
"인크루트_구인_수집","SRV_DT_INCRUIT_JSON","기업명","ENTRPRS_NM","VARCHAR2(500)","&nbsp;","&nbsp;","NOT NULL"
"인크루트_구인_수집","SRV_DT_INCRUIT_JSON","업종명","BIZ_NM","VARCHAR2(1000)","&nbsp;","&nbsp;","NOT NULL"
"인크루트_구인_수집","SRV_DT_INCRUIT_JSON","회사주소","CORP_ADDR","VARCHAR2(200)","&nbsp;","&nbsp;","NOT NULL"
"인크루트_구인_수집","SRV_DT_INCRUIT_JSON","사업자번호","BSNM_NO","CHAR(13)","&nbsp;","&nbsp;","&nbsp;"
"인크루트_구인_수집","SRV_DT_INCRUIT_JSON","기업형태원시","ENTRPRS_TYPE_RAW","VARCHAR2(200)","&nbsp;","&nbsp;","&nbsp;"
"인크루트_구인_수집","SRV_DT_INCRUIT_JSON","신입여부","NWMB_YN","VARCHAR2(10)","&nbsp;","&nbsp;","&nbsp;"
"인크루트_구인_수집","SRV_DT_INCRUIT_JSON","경력여부","CAREER_YN","VARCHAR2(20)","&nbsp;","&nbsp;","NOT NULL"
"인크루트_구인_수집","SRV_DT_INCRUIT_JSON","모집마감","RCRIT_CLOS","VARCHAR2(10)","&nbsp;","&nbsp;","&nbsp;"
"인크루트_구인_수집","SRV_DT_INCRUIT_JSON","마감일자원시","CLOS_DT_RAW","VARCHAR2(50)","&nbsp;","&nbsp;","&nbsp;"
"인크루트_구인_수집","SRV_DT_INCRUIT_JSON","모집일자","RCRIT_DT","VARCHAR2(10)","&nbsp;","&nbsp;","NOT NULL"
"인크루트_구인_수집","SRV_DT_INCRUIT_JSON","경력원시","CAREER_RAW","VARCHAR2(100)","&nbsp;","&nbsp;","NOT NULL"
"인크루트_구인_수집","SRV_DT_INCRUIT_JSON","공고명","PBLANC_NM","VARCHAR2(1000)","&nbsp;","&nbsp;","NOT NULL"
"인크루트_구인_수집","SRV_DT_INCRUIT_JSON","모집직종목록","RCRIT_JSSFC_LIST","VARCHAR2(3000)","&nbsp;","&nbsp;","NOT NULL"
"인크루트_구인_수집","SRV_DT_INCRUIT_JSON","모집지역목록","RCRIT_REGION_LIST","VARCHAR2(1000)","&nbsp;","&nbsp;","&nbsp;"
"인크루트_구인_수집","SRV_DT_INCRUIT_JSON","연봉1","ANSLRY_1","VARCHAR2(100)","&nbsp;","&nbsp;","NOT NULL"
"인크루트_구인_수집","SRV_DT_INCRUIT_JSON","연봉2","ANSLRY_2","VARCHAR2(100)","&nbsp;","&nbsp;","NOT NULL"
"인크루트_구인_수집","SRV_DT_INCRUIT_JSON","연봉협의","ANSLRY_DSCSS","VARCHAR2(10)","&nbsp;","&nbsp;","NOT NULL"
"인크루트_구인_수집","SRV_DT_INCRUIT_JSON","고용형태원시","EMPLYM_TYPE_RAW","VARCHAR2(200)","&nbsp;","&nbsp;","NOT NULL"
"인크루트_구인_수집","SRV_DT_INCRUIT_JSON","학력원시","ACDMCR_RAW","VARCHAR2(200)","&nbsp;","&nbsp;","NOT NULL"
"인크루트_구인_수집","SRV_DT_INCRUIT_JSON","모집인원원시","RCRIT_PSN_RAW","VARCHAR2(200)","&nbsp;","&nbsp;","NOT NULL"
"인크루트_구인_수집","SRV_DT_INCRUIT_JSON","자격면허","QUALF_LCNS","VARCHAR2(2000)","&nbsp;","&nbsp;","&nbsp;"
"인크루트_구인_수집","SRV_DT_INCRUIT_JSON","모집시작일","RCRIT_START_DT","VARCHAR2(20)","&nbsp;","&nbsp;","&nbsp;"
"인크루트_구인_수집","SRV_DT_INCRUIT_JSON","인근전철역","NEARBY_ECLW_STATION","VARCHAR2(500)","&nbsp;","&nbsp;","&nbsp;"
"인크루트_구인_수집","SRV_DT_INCRUIT_JSON","공고URL","PBLANC_URL","VARCHAR2(200)","&nbsp;","&nbsp;","&nbsp;"
"인크루트_구인_수집","SRV_DT_INCRUIT_JSON","생성일자","CREATE_DT","CHAR(8)","&nbsp;","&nbsp;","NOT NULL"
"일자리통계자료수집","SRV_DT_KOSIS_DATA","아이템식별자","ITM_ID","VARCHAR2(50)","PK","PK","NOT NULL"
"일자리통계자료수집","SRV_DT_KOSIS_DATA","조직식별자","ORG_ID","VARCHAR2(5)","PK","PK","NOT NULL"
"일자리통계자료수집","SRV_DT_KOSIS_DATA","테이블식별자","TBL_ID","VARCHAR2(50)","PK","PK","NOT NULL"
"일자리통계자료수집","SRV_DT_KOSIS_DATA","값데이터","DT","VARCHAR2(30)","PK","PK","NOT NULL"
"일자리통계자료수집","SRV_DT_KOSIS_DATA","연계ID","LINK_ID","VARCHAR2(10)","PK","PK","NOT NULL"
"일자리통계자료수집","SRV_DT_KOSIS_DATA","수록시점","PRD_DE","VARCHAR2(20)","PK","PK","NOT NULL"
"일자리통계자료수집","SRV_DT_KOSIS_DATA","분류1","C1","VARCHAR2(50)","PK","PK","NOT NULL"
"일자리통계자료수집","SRV_DT_KOSIS_DATA","생성일자","CREATE_DT","CHAR(8)","PK","PK","NOT NULL"
"일자리통계자료수집","SRV_DT_KOSIS_DATA","수록주기","PRD_SE","VARCHAR2(20)","&nbsp;","&nbsp;","&nbsp;"
"일자리통계자료수집","SRV_DT_KOSIS_DATA","아이템명칭","ITM_NM","VARCHAR2(200)","&nbsp;","&nbsp;","&nbsp;"
"일자리통계자료수집","SRV_DT_KOSIS_DATA","아이템명칭영어","ITM_NM_ENG","VARCHAR2(300)","&nbsp;","&nbsp;","&nbsp;"
"일자리통계자료수집","SRV_DT_KOSIS_DATA","테이블명칭","TBL_NM","VARCHAR2(300)","&nbsp;","&nbsp;","&nbsp;"
"일자리통계자료수집","SRV_DT_KOSIS_DATA","단위명","UNIT_NM","VARCHAR2(50)","&nbsp;","&nbsp;","&nbsp;"
"일자리통계자료수집","SRV_DT_KOSIS_DATA","단위명영문","UNIT_NM_ENG","VARCHAR2(200)","&nbsp;","&nbsp;","&nbsp;"
"일자리통계자료수집","SRV_DT_KOSIS_DATA","분류1명","C1_NM","VARCHAR2(200)","&nbsp;","&nbsp;","&nbsp;"
"일자리통계자료수집","SRV_DT_KOSIS_DATA","분류1명영문","C1_NM_ENG","VARCHAR2(300)","&nbsp;","&nbsp;","&nbsp;"
"일자리통계자료수집","SRV_DT_KOSIS_DATA","분류값1명","C1_OBJ_NM","VARCHAR2(200)","&nbsp;","&nbsp;","&nbsp;"
"일자리통계자료수집","SRV_DT_KOSIS_DATA","분류값1명영문","C1_OBJ_NM_ENG","VARCHAR2(300)","&nbsp;","&nbsp;","&nbsp;"
"일자리통계자료수집","SRV_DT_KOSIS_DATA","분류2","C2","VARCHAR2(50)","&nbsp;","&nbsp;","&nbsp;"
"일자리통계자료수집","SRV_DT_KOSIS_DATA","분류2명","C2_NM","VARCHAR2(200)","&nbsp;","&nbsp;","&nbsp;"
"일자리통계자료수집","SRV_DT_KOSIS_DATA","분류2명영문","C2_NM_ENG","VARCHAR2(300)","&nbsp;","&nbsp;","&nbsp;"
"일자리통계자료수집","SRV_DT_KOSIS_DATA","분류값2명","C2_OBJ_NM","VARCHAR2(200)","&nbsp;","&nbsp;","&nbsp;"
"일자리통계자료수집","SRV_DT_KOSIS_DATA","분류값2명영문","C2_OBJ_NM_ENG","VARCHAR2(300)","&nbsp;","&nbsp;","&nbsp;"
"일자리통계자료수집","SRV_DT_KOSIS_DATA","분류3","C3","VARCHAR2(50)","&nbsp;","&nbsp;","&nbsp;"
"일자리통계자료수집","SRV_DT_KOSIS_DATA","분류3명","C3_NM","VARCHAR2(200)","&nbsp;","&nbsp;","&nbsp;"
"일자리통계자료수집","SRV_DT_KOSIS_DATA","분류3명영문","C3_NM_ENG","VARCHAR2(300)","&nbsp;","&nbsp;","&nbsp;"
"일자리통계자료수집","SRV_DT_KOSIS_DATA","분류값3명","C3_OBJ_NM","VARCHAR2(200)","&nbsp;","&nbsp;","&nbsp;"
"일자리통계자료수집","SRV_DT_KOSIS_DATA","분류값3명영문","C3_OBJ_NM_ENG","VARCHAR2(300)","&nbsp;","&nbsp;","&nbsp;"
"오늘의구인현황","SRV_DT_JOB_SM","구인번호","JO_NO","CHAR(20)","PK","PK","NOT NULL"
"오늘의구인현황","SRV_DT_JOB_SM","회사명","CORP_NM","VARCHAR2(100)","&nbsp;","&nbsp;","NOT NULL"
"오늘의구인현황","SRV_DT_JOB_SM","사업자번호","BSNM_NO","CHAR(13)","&nbsp;","&nbsp;","NOT NULL"
"오늘의구인현황","SRV_DT_JOB_SM","산업분류","INDUST_CLASS","VARCHAR2(6)","&nbsp;","&nbsp;","NOT NULL"
"오늘의구인현황","SRV_DT_JOB_SM","기업형태","ENTRPRS_TYPE","CHAR(2)","&nbsp;","&nbsp;","NOT NULL"
"오늘의구인현황","SRV_DT_JOB_SM","회사규모","CORP_SZ","VARCHAR2(4)","&nbsp;","&nbsp;","NOT NULL"
"오늘의구인현황","SRV_DT_JOB_SM","근로자수","LABRR_CNT","INTEGER","&nbsp;","&nbsp;","NOT NULL"
"오늘의구인현황","SRV_DT_JOB_SM","회사주소","CORP_ADDR","VARCHAR2(200)","&nbsp;","&nbsp;","NOT NULL"
"오늘의구인현황","SRV_DT_JOB_SM","자본금","CAP","BIGINT","&nbsp;","&nbsp;","NOT NULL"
"오늘의구인현황","SRV_DT_JOB_SM","대표자명","MAIN_NM","VARCHAR2(60)","&nbsp;","&nbsp;","&nbsp;"
"오늘의구인현황","SRV_DT_JOB_SM","연매출액","YEAR_SALES","BIGINT","&nbsp;","&nbsp;","&nbsp;"
"오늘의구인현황","SRV_DT_JOB_SM","주요사업내용","MAIN_BIZ_CONTENT","VARCHAR2(200)","&nbsp;","&nbsp;","&nbsp;"
"오늘의구인현황","SRV_DT_JOB_SM","회사홈페이지","CORP_HPAGE","VARCHAR2(200)","&nbsp;","&nbsp;","&nbsp;"
"오늘의구인현황","SRV_DT_JOB_SM","채용명","RECRU_NM","VARCHAR2(200)","&nbsp;","&nbsp;","NOT NULL"
"오늘의구인현황","SRV_DT_JOB_SM","경력","CAREER","CHAR(1)","&nbsp;","&nbsp;","NOT NULL"
"오늘의구인현황","SRV_DT_JOB_SM","학력","ACDMCR","CHAR(2)","&nbsp;","&nbsp;","NOT NULL"
"오늘의구인현황","SRV_DT_JOB_SM","임금형태","WAGE_TYPE","CHAR(1)","&nbsp;","&nbsp;","NOT NULL"
"오늘의구인현황","SRV_DT_JOB_SM","급여","SALARY","BIGINT","&nbsp;","&nbsp;","NOT NULL"
"오늘의구인현황","SRV_DT_JOB_SM","근무형태","WORK_TYPE","CHAR(1)","&nbsp;","&nbsp;","NOT NULL"
"오늘의구인현황","SRV_DT_JOB_SM","고용형태","EMPLYM_TYPE","VARCHAR2(2)","&nbsp;","&nbsp;","NOT NULL"
"오늘의구인현황","SRV_DT_JOB_SM","모집직종","RCRIT_JSSFC","VARCHAR2(6)","&nbsp;","&nbsp;","NOT NULL"
"오늘의구인현황","SRV_DT_JOB_SM","모집인원","RCRIT_PSN","INTEGER","&nbsp;","&nbsp;","NOT NULL"
"오늘의구인현황","SRV_DT_JOB_SM","등록일자","REG_DT","CHAR(8)","&nbsp;","&nbsp;","NOT NULL"
"오늘의구인현황","SRV_DT_JOB_SM","마감일자","CLOS_DT","CHAR(8)","&nbsp;","&nbsp;","NOT NULL"
"오늘의구인현황","SRV_DT_JOB_SM","구인인증번호","JO_AUTH_NO","VARCHAR2(20)","&nbsp;","&nbsp;","&nbsp;"
"오늘의구인현황","SRV_DT_JOB_SM","공고번호","PBLANC_NO","VARCHAR2(20)","&nbsp;","&nbsp;","&nbsp;"
"오늘의구인현황","SRV_DT_JOB_SM","구인자료구분","JO_DATA_DIV","CHAR(1)","&nbsp;","&nbsp;","NOT NULL"
"오늘의구인현황","SRV_DT_JOB_SM","구인자료키","JO_DATA_KEY","VARCHAR2(20)","&nbsp;","&nbsp;","NOT NULL"
"오늘의구인현황","SRV_DT_JOB_SM","근무지역","WORK_REGION","VARCHAR2(200)","&nbsp;","&nbsp;","NOT NULL"
"오늘의구인현황","SRV_DT_JOB_SM","근무주소","WORK_ADDR","VARCHAR2(200)","&nbsp;","&nbsp;","NOT NULL"
"오늘의구인현황","SRV_DT_JOB_SM","시도코드","SIDO_CD","CHAR(2)","&nbsp;","&nbsp;","NOT NULL"
"오늘의구인현황","SRV_DT_JOB_SM","시군구코드","SGG_CD","CHAR(3)","&nbsp;","&nbsp;","NOT NULL"
"오늘의구인현황","SRV_DT_JOB_SM","읍면동코드","EMDONG_CD","CHAR(2)","&nbsp;","&nbsp;","NOT NULL"
"오늘의구인현황","SRV_DT_JOB_SM","집계구코드","TOT_OA_CD","VARCHAR2(15)","&nbsp;","&nbsp;","&nbsp;"
"오늘의구인현황","SRV_DT_JOB_SM","X좌표","X","VARCHAR2(20)","&nbsp;","&nbsp;","&nbsp;"
"오늘의구인현황","SRV_DT_JOB_SM","Y좌표","Y","VARCHAR2(20)","&nbsp;","&nbsp;","&nbsp;"
"오늘의구인현황","SRV_DT_JOB_SM","포인트","PT","st_point","&nbsp;","&nbsp;","&nbsp;"
"오늘의구인현황","SRV_DT_JOB_SM","생성일자","CREATE_DT","CHAR(8)","&nbsp;","&nbsp;","NOT NULL"
"오늘의구인현황중복제거","SRV_DT_JOB_SM_DUPL_REMOVE","구인번호","JO_NO","CHAR(20)","PK","PK","NOT NULL"
"오늘의구인현황중복제거","SRV_DT_JOB_SM_DUPL_REMOVE","회사명","CORP_NM","VARCHAR2(100)","&nbsp;","&nbsp;","NOT NULL"
"오늘의구인현황중복제거","SRV_DT_JOB_SM_DUPL_REMOVE","사업자번호","BSNM_NO","CHAR(13)","&nbsp;","&nbsp;","NOT NULL"
"오늘의구인현황중복제거","SRV_DT_JOB_SM_DUPL_REMOVE","산업분류","INDUST_CLASS","VARCHAR2(6)","&nbsp;","&nbsp;","NOT NULL"
"오늘의구인현황중복제거","SRV_DT_JOB_SM_DUPL_REMOVE","기업형태","ENTRPRS_TYPE","CHAR(2)","&nbsp;","&nbsp;","NOT NULL"
"오늘의구인현황중복제거","SRV_DT_JOB_SM_DUPL_REMOVE","회사규모","CORP_SZ","VARCHAR2(4)","&nbsp;","&nbsp;","NOT NULL"
"오늘의구인현황중복제거","SRV_DT_JOB_SM_DUPL_REMOVE","근로자수","LABRR_CNT","INTEGER","&nbsp;","&nbsp;","NOT NULL"
"오늘의구인현황중복제거","SRV_DT_JOB_SM_DUPL_REMOVE","회사주소","CORP_ADDR","VARCHAR2(200)","&nbsp;","&nbsp;","NOT NULL"
"오늘의구인현황중복제거","SRV_DT_JOB_SM_DUPL_REMOVE","자본금","CAP","BIGINT","&nbsp;","&nbsp;","NOT NULL"
"오늘의구인현황중복제거","SRV_DT_JOB_SM_DUPL_REMOVE","대표자명","MAIN_NM","VARCHAR2(60)","&nbsp;","&nbsp;","&nbsp;"
"오늘의구인현황중복제거","SRV_DT_JOB_SM_DUPL_REMOVE","연매출액","YEAR_SALES","BIGINT","&nbsp;","&nbsp;","&nbsp;"
"오늘의구인현황중복제거","SRV_DT_JOB_SM_DUPL_REMOVE","주요사업내용","MAIN_BIZ_CONTENT","VARCHAR2(200)","&nbsp;","&nbsp;","&nbsp;"
"오늘의구인현황중복제거","SRV_DT_JOB_SM_DUPL_REMOVE","회사홈페이지","CORP_HPAGE","VARCHAR2(200)","&nbsp;","&nbsp;","&nbsp;"
"오늘의구인현황중복제거","SRV_DT_JOB_SM_DUPL_REMOVE","채용명","RECRU_NM","VARCHAR2(200)","&nbsp;","&nbsp;","NOT NULL"
"오늘의구인현황중복제거","SRV_DT_JOB_SM_DUPL_REMOVE","경력","CAREER","CHAR(1)","&nbsp;","&nbsp;","NOT NULL"
"오늘의구인현황중복제거","SRV_DT_JOB_SM_DUPL_REMOVE","학력","ACDMCR","CHAR(2)","&nbsp;","&nbsp;","NOT NULL"
"오늘의구인현황중복제거","SRV_DT_JOB_SM_DUPL_REMOVE","임금형태","WAGE_TYPE","CHAR(1)","&nbsp;","&nbsp;","NOT NULL"
"오늘의구인현황중복제거","SRV_DT_JOB_SM_DUPL_REMOVE","급여","SALARY","BIGINT","&nbsp;","&nbsp;","NOT NULL"
"오늘의구인현황중복제거","SRV_DT_JOB_SM_DUPL_REMOVE","근무형태","WORK_TYPE","CHAR(1)","&nbsp;","&nbsp;","NOT NULL"
"오늘의구인현황중복제거","SRV_DT_JOB_SM_DUPL_REMOVE","고용형태","EMPLYM_TYPE","VARCHAR2(2)","&nbsp;","&nbsp;","NOT NULL"
"오늘의구인현황중복제거","SRV_DT_JOB_SM_DUPL_REMOVE","모집직종","RCRIT_JSSFC","VARCHAR2(6)","&nbsp;","&nbsp;","NOT NULL"
"오늘의구인현황중복제거","SRV_DT_JOB_SM_DUPL_REMOVE","모집인원","RCRIT_PSN","INTEGER","&nbsp;","&nbsp;","NOT NULL"
"오늘의구인현황중복제거","SRV_DT_JOB_SM_DUPL_REMOVE","등록일자","REG_DT","CHAR(8)","&nbsp;","&nbsp;","NOT NULL"
"오늘의구인현황중복제거","SRV_DT_JOB_SM_DUPL_REMOVE","마감일자","CLOS_DT","CHAR(8)","&nbsp;","&nbsp;","NOT NULL"
"오늘의구인현황중복제거","SRV_DT_JOB_SM_DUPL_REMOVE","구인인증번호","JO_AUTH_NO","VARCHAR2(20)","&nbsp;","&nbsp;","&nbsp;"
"오늘의구인현황중복제거","SRV_DT_JOB_SM_DUPL_REMOVE","공고번호","PBLANC_NO","VARCHAR2(20)","&nbsp;","&nbsp;","&nbsp;"
"오늘의구인현황중복제거","SRV_DT_JOB_SM_DUPL_REMOVE","구인자료구분","JO_DATA_DIV","CHAR(1)","&nbsp;","&nbsp;","NOT NULL"
"오늘의구인현황중복제거","SRV_DT_JOB_SM_DUPL_REMOVE","구인자료키","JO_DATA_KEY","VARCHAR2(20)","&nbsp;","&nbsp;","NOT NULL"
"오늘의구인현황중복제거","SRV_DT_JOB_SM_DUPL_REMOVE","근무지역","WORK_REGION","VARCHAR2(200)","&nbsp;","&nbsp;","NOT NULL"
"오늘의구인현황중복제거","SRV_DT_JOB_SM_DUPL_REMOVE","근무주소","WORK_ADDR","VARCHAR2(200)","&nbsp;","&nbsp;","NOT NULL"
"오늘의구인현황중복제거","SRV_DT_JOB_SM_DUPL_REMOVE","시도코드","SIDO_CD","CHAR(2)","&nbsp;","&nbsp;","NOT NULL"
"오늘의구인현황중복제거","SRV_DT_JOB_SM_DUPL_REMOVE","시군구코드","SGG_CD","CHAR(3)","&nbsp;","&nbsp;","NOT NULL"
"오늘의구인현황중복제거","SRV_DT_JOB_SM_DUPL_REMOVE","읍면동코드","EMDONG_CD","CHAR(2)","&nbsp;","&nbsp;","NOT NULL"
"오늘의구인현황중복제거","SRV_DT_JOB_SM_DUPL_REMOVE","집계구코드","TOT_OA_CD","VARCHAR2(15)","&nbsp;","&nbsp;","&nbsp;"
"오늘의구인현황중복제거","SRV_DT_JOB_SM_DUPL_REMOVE","X좌표","X","VARCHAR2(20)","&nbsp;","&nbsp;","&nbsp;"
"오늘의구인현황중복제거","SRV_DT_JOB_SM_DUPL_REMOVE","Y좌표","Y","VARCHAR2(20)","&nbsp;","&nbsp;","&nbsp;"
"오늘의구인현황중복제거","SRV_DT_JOB_SM_DUPL_REMOVE","생성일자","CREATE_DT","CHAR(8)","&nbsp;","&nbsp;","NOT NULL"
"일자리통계 외부수집파일자료 원시","SRV_DT_JOB_EXTERNAL_FILE_RAW","테이블명칭","TBL_NM","VARCHAR2(300)","PK","PK","NOT NULL"
"일자리통계 외부수집파일자료 원시","SRV_DT_JOB_EXTERNAL_FILE_RAW","아이템명칭","ITM_NM","VARCHAR2(200)","PK","PK","NOT NULL"
"일자리통계 외부수집파일자료 원시","SRV_DT_JOB_EXTERNAL_FILE_RAW","수록시점","PRD_DE","VARCHAR2(20)","PK","PK","NOT NULL"
"일자리통계 외부수집파일자료 원시","SRV_DT_JOB_EXTERNAL_FILE_RAW","지역11","AREA_11","VARCHAR2(30)","&nbsp;","&nbsp;","&nbsp;"
"일자리통계 외부수집파일자료 원시","SRV_DT_JOB_EXTERNAL_FILE_RAW","지역21","AREA_21","VARCHAR2(30)","&nbsp;","&nbsp;","&nbsp;"
"일자리통계 외부수집파일자료 원시","SRV_DT_JOB_EXTERNAL_FILE_RAW","지역22","AREA_22","VARCHAR2(30)","&nbsp;","&nbsp;","&nbsp;"
"일자리통계 외부수집파일자료 원시","SRV_DT_JOB_EXTERNAL_FILE_RAW","지역23","AREA_23","VARCHAR2(30)","&nbsp;","&nbsp;","&nbsp;"
"일자리통계 외부수집파일자료 원시","SRV_DT_JOB_EXTERNAL_FILE_RAW","지역24","AREA_24","VARCHAR2(30)","&nbsp;","&nbsp;","&nbsp;"
"일자리통계 외부수집파일자료 원시","SRV_DT_JOB_EXTERNAL_FILE_RAW","지역25","AREA_25","VARCHAR2(30)","&nbsp;","&nbsp;","&nbsp;"
"일자리통계 외부수집파일자료 원시","SRV_DT_JOB_EXTERNAL_FILE_RAW","지역26","AREA_26","VARCHAR2(30)","&nbsp;","&nbsp;","&nbsp;"
"일자리통계 외부수집파일자료 원시","SRV_DT_JOB_EXTERNAL_FILE_RAW","지역29","AREA_29","VARCHAR2(30)","&nbsp;","&nbsp;","&nbsp;"
"일자리통계 외부수집파일자료 원시","SRV_DT_JOB_EXTERNAL_FILE_RAW","지역31","AREA_31","VARCHAR2(30)","&nbsp;","&nbsp;","&nbsp;"
"일자리통계 외부수집파일자료 원시","SRV_DT_JOB_EXTERNAL_FILE_RAW","지역32","AREA_32","VARCHAR2(30)","&nbsp;","&nbsp;","&nbsp;"
"일자리통계 외부수집파일자료 원시","SRV_DT_JOB_EXTERNAL_FILE_RAW","지역33","AREA_33","VARCHAR2(30)","&nbsp;","&nbsp;","&nbsp;"
"일자리통계 외부수집파일자료 원시","SRV_DT_JOB_EXTERNAL_FILE_RAW","지역34","AREA_34","VARCHAR2(30)","&nbsp;","&nbsp;","&nbsp;"
"일자리통계 외부수집파일자료 원시","SRV_DT_JOB_EXTERNAL_FILE_RAW","지역35","AREA_35","VARCHAR2(30)","&nbsp;","&nbsp;","&nbsp;"
"일자리통계 외부수집파일자료 원시","SRV_DT_JOB_EXTERNAL_FILE_RAW","지역36","AREA_36","VARCHAR2(30)","&nbsp;","&nbsp;","&nbsp;"
"일자리통계 외부수집파일자료 원시","SRV_DT_JOB_EXTERNAL_FILE_RAW","지역37","AREA_37","VARCHAR2(30)","&nbsp;","&nbsp;","&nbsp;"
"일자리통계 외부수집파일자료 원시","SRV_DT_JOB_EXTERNAL_FILE_RAW","지역38","AREA_38","VARCHAR2(30)","&nbsp;","&nbsp;","&nbsp;"
"일자리통계 외부수집파일자료 원시","SRV_DT_JOB_EXTERNAL_FILE_RAW","지역39","AREA_39","VARCHAR2(30)","&nbsp;","&nbsp;","&nbsp;"
"일자리통계 외부수집파일자료 원시","SRV_DT_JOB_EXTERNAL_FILE_RAW","지역총합","AREA_TOTAL","VARCHAR2(30)","&nbsp;","&nbsp;","&nbsp;"
"일자리통계자료정보","SRV_DT_JOB_STAT_DATA_INFO","연계ID","LINK_ID","VARCHAR2(10)","PK","PK","NOT NULL"
"일자리통계자료정보","SRV_DT_JOB_STAT_DATA_INFO","통계명","STAT_NM","VARCHAR2(200)","&nbsp;","&nbsp;","&nbsp;"
"일자리통계자료정보","SRV_DT_JOB_STAT_DATA_INFO","통계정의","STAT_DEFINITION","VARCHAR2(1000)","&nbsp;","&nbsp;","&nbsp;"
"일자리통계자료정보","SRV_DT_JOB_STAT_DATA_INFO","통계설명","STAT_EXP","VARCHAR2(3000)","&nbsp;","&nbsp;","&nbsp;"
"일자리통계자료정보","SRV_DT_JOB_STAT_DATA_INFO","수집출처","COLCT_SOURCE","VARCHAR2(500)","&nbsp;","&nbsp;","&nbsp;"
"일자리통계자료정보","SRV_DT_JOB_STAT_DATA_INFO","갱신주기","UPDT_CYCLE","VARCHAR2(100)","&nbsp;","&nbsp;","&nbsp;"
"일자리통계자료정보","SRV_DT_JOB_STAT_DATA_INFO","최근갱신일","RECENT_UPDT_DE","VARCHAR2(50)","&nbsp;","&nbsp;","&nbsp;"
"일자리통계자료정보","SRV_DT_JOB_STAT_DATA_INFO","통계경로","STAT_PATH","VARCHAR2(300)","&nbsp;","&nbsp;","&nbsp;"
"일자리통계자료정보","SRV_DT_JOB_STAT_DATA_INFO","참조URL","REFRN_URL","VARCHAR2(500)","&nbsp;","&nbsp;","&nbsp;"
"일자리통계자료정보","SRV_DT_JOB_STAT_DATA_INFO","생성일자","CREATE_DT","CHAR(8)","&nbsp;","&nbsp;","&nbsp;"
"일자리보기자료공통","SRV_DT_JOBSTAT_DATA","형태","TYPE","VARCHAR2(10)","&nbsp;","&nbsp;","&nbsp;"
"일자리보기자료공통","SRV_DT_JOBSTAT_DATA","기초년도","BASE_YEAR","VARCHAR2(4)","&nbsp;","&nbsp;","&nbsp;"
"일자리보기자료공통","SRV_DT_JOBSTAT_DATA","모드","MODE","VARCHAR2(2)","&nbsp;","&nbsp;","&nbsp;"
"일자리보기자료공통","SRV_DT_JOBSTAT_DATA","시리즈코드","SERIES_CD","VARCHAR2(10)","&nbsp;","&nbsp;","&nbsp;"
"일자리보기자료공통","SRV_DT_JOBSTAT_DATA","카테고리코드","CATEGORY_CD","VARCHAR2(10)","&nbsp;","&nbsp;","&nbsp;"
"일자리보기자료공통","SRV_DT_JOBSTAT_DATA","값","VAL","NUMBER(10,2)","&nbsp;","&nbsp;","&nbsp;"
"일자리보기맵핑공통","SRV_DT_COMM_CD_MAP","대학급코드1","B_CLASS_CD_1","VARCHAR2(10)","&nbsp;","&nbsp;","&nbsp;"
"일자리보기맵핑공통","SRV_DT_COMM_CD_MAP","대학급코드2","B_CLASS_CD_2","VARCHAR2(10)","&nbsp;","&nbsp;","&nbsp;"
"일자리보기맵핑공통","SRV_DT_COMM_CD_MAP","소학급코드1","S_CLASS_CD_1","VARCHAR2(10)","&nbsp;","&nbsp;","&nbsp;"
"일자리보기맵핑공통","SRV_DT_COMM_CD_MAP","소학급코드2","S_CLASS_CD_2","VARCHAR2(10)","&nbsp;","&nbsp;","&nbsp;"
"일자리통계자료정제","SRV_DT_KOSIS_DATA_REFINE","아이템식별자","ITM_ID","VARCHAR2(50)","PK","PK","NOT NULL"
"일자리통계자료정제","SRV_DT_KOSIS_DATA_REFINE","조직식별자","ORG_ID","VARCHAR2(5)","PK","PK","NOT NULL"
"일자리통계자료정제","SRV_DT_KOSIS_DATA_REFINE","테이블식별자","TBL_ID","VARCHAR2(50)","PK","PK","NOT NULL"
"일자리통계자료정제","SRV_DT_KOSIS_DATA_REFINE","값데이터","DT","VARCHAR2(30)","PK","PK","NOT NULL"
"일자리통계자료정제","SRV_DT_KOSIS_DATA_REFINE","연계ID","LINK_ID","VARCHAR2(10)","PK","PK","NOT NULL"
"일자리통계자료정제","SRV_DT_KOSIS_DATA_REFINE","수록시점","PRD_DE","VARCHAR2(20)","PK","PK","NOT NULL"
"일자리통계자료정제","SRV_DT_KOSIS_DATA_REFINE","분류1","C1","VARCHAR2(50)","PK","PK","NOT NULL"
"일자리통계자료정제","SRV_DT_KOSIS_DATA_REFINE","생성일자","CREATE_DT","CHAR(8)","PK","PK","NOT NULL"
"일자리통계자료정제","SRV_DT_KOSIS_DATA_REFINE","수록주기","PRD_SE","VARCHAR2(20)","&nbsp;","&nbsp;","&nbsp;"
"일자리통계자료정제","SRV_DT_KOSIS_DATA_REFINE","아이템명칭","ITM_NM","VARCHAR2(200)","&nbsp;","&nbsp;","&nbsp;"
"일자리통계자료정제","SRV_DT_KOSIS_DATA_REFINE","아이템명칭영어","ITM_NM_ENG","VARCHAR2(300)","&nbsp;","&nbsp;","&nbsp;"
"일자리통계자료정제","SRV_DT_KOSIS_DATA_REFINE","테이블명칭","TBL_NM","VARCHAR2(300)","&nbsp;","&nbsp;","&nbsp;"
"일자리통계자료정제","SRV_DT_KOSIS_DATA_REFINE","단위명","UNIT_NM","VARCHAR2(50)","&nbsp;","&nbsp;","&nbsp;"
"일자리통계자료정제","SRV_DT_KOSIS_DATA_REFINE","단위명영문","UNIT_NM_ENG","VARCHAR2(200)","&nbsp;","&nbsp;","&nbsp;"
"일자리통계자료정제","SRV_DT_KOSIS_DATA_REFINE","분류1명","C1_NM","VARCHAR2(200)","&nbsp;","&nbsp;","&nbsp;"
"일자리통계자료정제","SRV_DT_KOSIS_DATA_REFINE","분류1명영문","C1_NM_ENG","VARCHAR2(300)","&nbsp;","&nbsp;","&nbsp;"
"일자리통계자료정제","SRV_DT_KOSIS_DATA_REFINE","분류값1명","C1_OBJ_NM","VARCHAR2(200)","&nbsp;","&nbsp;","&nbsp;"
"일자리통계자료정제","SRV_DT_KOSIS_DATA_REFINE","분류값1명영문","C1_OBJ_NM_ENG","VARCHAR2(300)","&nbsp;","&nbsp;","&nbsp;"
"일자리통계자료정제","SRV_DT_KOSIS_DATA_REFINE","분류2","C2","VARCHAR2(50)","&nbsp;","&nbsp;","&nbsp;"
"일자리통계자료정제","SRV_DT_KOSIS_DATA_REFINE","분류2명","C2_NM","VARCHAR2(200)","&nbsp;","&nbsp;","&nbsp;"
"일자리통계자료정제","SRV_DT_KOSIS_DATA_REFINE","분류2명영문","C2_NM_ENG","VARCHAR2(300)","&nbsp;","&nbsp;","&nbsp;"
"일자리통계자료정제","SRV_DT_KOSIS_DATA_REFINE","분류값2명","C2_OBJ_NM","VARCHAR2(200)","&nbsp;","&nbsp;","&nbsp;"
"일자리통계자료정제","SRV_DT_KOSIS_DATA_REFINE","분류값2명영문","C2_OBJ_NM_ENG","VARCHAR2(300)","&nbsp;","&nbsp;","&nbsp;"
"일자리통계자료정제","SRV_DT_KOSIS_DATA_REFINE","분류3","C3","VARCHAR2(50)","&nbsp;","&nbsp;","&nbsp;"
"일자리통계자료정제","SRV_DT_KOSIS_DATA_REFINE","분류3명","C3_NM","VARCHAR2(200)","&nbsp;","&nbsp;","&nbsp;"
"일자리통계자료정제","SRV_DT_KOSIS_DATA_REFINE","분류3명영문","C3_NM_ENG","VARCHAR2(300)","&nbsp;","&nbsp;","&nbsp;"
"일자리통계자료정제","SRV_DT_KOSIS_DATA_REFINE","분류값3명","C3_OBJ_NM","VARCHAR2(200)","&nbsp;","&nbsp;","&nbsp;"
"일자리통계자료정제","SRV_DT_KOSIS_DATA_REFINE","분류값3명영문","C3_OBJ_NM_ENG","VARCHAR2(300)","&nbsp;","&nbsp;","&nbsp;"
"일자리통계자료원시","SRV_DT_KOSIS_DATA_RAW","아이템식별자","ITM_ID","VARCHAR2(50)","PK","PK","NOT NULL"
"일자리통계자료원시","SRV_DT_KOSIS_DATA_RAW","조직식별자","ORG_ID","VARCHAR2(5)","PK","PK","NOT NULL"
"일자리통계자료원시","SRV_DT_KOSIS_DATA_RAW","테이블식별자","TBL_ID","VARCHAR2(50)","PK","PK","NOT NULL"
"일자리통계자료원시","SRV_DT_KOSIS_DATA_RAW","값데이터","DT","VARCHAR2(30)","PK","PK","NOT NULL"
"일자리통계자료원시","SRV_DT_KOSIS_DATA_RAW","연계ID","LINK_ID","VARCHAR2(10)","PK","PK","NOT NULL"
"일자리통계자료원시","SRV_DT_KOSIS_DATA_RAW","수록시점","PRD_DE","VARCHAR2(20)","PK","PK","NOT NULL"
"일자리통계자료원시","SRV_DT_KOSIS_DATA_RAW","분류1","C1","VARCHAR2(50)","PK","PK","NOT NULL"
"일자리통계자료원시","SRV_DT_KOSIS_DATA_RAW","생성일자","CREATE_DT","CHAR(8)","PK","PK","NOT NULL"
"일자리통계자료원시","SRV_DT_KOSIS_DATA_RAW","수록주기","PRD_SE","VARCHAR2(20)","&nbsp;","&nbsp;","&nbsp;"
"일자리통계자료원시","SRV_DT_KOSIS_DATA_RAW","아이템명칭","ITM_NM","VARCHAR2(200)","&nbsp;","&nbsp;","&nbsp;"
"일자리통계자료원시","SRV_DT_KOSIS_DATA_RAW","아이템명칭영어","ITM_NM_ENG","VARCHAR2(300)","&nbsp;","&nbsp;","&nbsp;"
"일자리통계자료원시","SRV_DT_KOSIS_DATA_RAW","테이블명칭","TBL_NM","VARCHAR2(300)","&nbsp;","&nbsp;","&nbsp;"
"일자리통계자료원시","SRV_DT_KOSIS_DATA_RAW","단위명","UNIT_NM","VARCHAR2(50)","&nbsp;","&nbsp;","&nbsp;"
"일자리통계자료원시","SRV_DT_KOSIS_DATA_RAW","단위명영문","UNIT_NM_ENG","VARCHAR2(200)","&nbsp;","&nbsp;","&nbsp;"
"일자리통계자료원시","SRV_DT_KOSIS_DATA_RAW","분류1명","C1_NM","VARCHAR2(200)","&nbsp;","&nbsp;","&nbsp;"
"일자리통계자료원시","SRV_DT_KOSIS_DATA_RAW","분류1명영문","C1_NM_ENG","VARCHAR2(300)","&nbsp;","&nbsp;","&nbsp;"
"일자리통계자료원시","SRV_DT_KOSIS_DATA_RAW","분류값1명","C1_OBJ_NM","VARCHAR2(200)","&nbsp;","&nbsp;","&nbsp;"
"일자리통계자료원시","SRV_DT_KOSIS_DATA_RAW","분류값1명영문","C1_OBJ_NM_ENG","VARCHAR2(300)","&nbsp;","&nbsp;","&nbsp;"
"일자리통계자료원시","SRV_DT_KOSIS_DATA_RAW","분류2","C2","VARCHAR2(50)","&nbsp;","&nbsp;","&nbsp;"
"일자리통계자료원시","SRV_DT_KOSIS_DATA_RAW","분류2명","C2_NM","VARCHAR2(200)","&nbsp;","&nbsp;","&nbsp;"
"일자리통계자료원시","SRV_DT_KOSIS_DATA_RAW","분류2명영문","C2_NM_ENG","VARCHAR2(300)","&nbsp;","&nbsp;","&nbsp;"
"일자리통계자료원시","SRV_DT_KOSIS_DATA_RAW","분류값2명","C2_OBJ_NM","VARCHAR2(200)","&nbsp;","&nbsp;","&nbsp;"
"일자리통계자료원시","SRV_DT_KOSIS_DATA_RAW","분류값2명영문","C2_OBJ_NM_ENG","VARCHAR2(300)","&nbsp;","&nbsp;","&nbsp;"
"일자리통계자료원시","SRV_DT_KOSIS_DATA_RAW","분류3","C3","VARCHAR2(50)","&nbsp;","&nbsp;","&nbsp;"
"일자리통계자료원시","SRV_DT_KOSIS_DATA_RAW","분류3명","C3_NM","VARCHAR2(200)","&nbsp;","&nbsp;","&nbsp;"
"일자리통계자료원시","SRV_DT_KOSIS_DATA_RAW","분류3명영문","C3_NM_ENG","VARCHAR2(300)","&nbsp;","&nbsp;","&nbsp;"
"일자리통계자료원시","SRV_DT_KOSIS_DATA_RAW","분류값3명","C3_OBJ_NM","VARCHAR2(200)","&nbsp;","&nbsp;","&nbsp;"
"일자리통계자료원시","SRV_DT_KOSIS_DATA_RAW","분류값3명영문","C3_OBJ_NM_ENG","VARCHAR2(300)","&nbsp;","&nbsp;","&nbsp;"
